-- 清理已有种子数据
DELETE FROM power_banks WHERE id >= 1;
DELETE FROM slots WHERE id >= 1;
DELETE FROM cabinets WHERE id >= 1;
DELETE FROM stations WHERE id >= 1;

-- 站点 (14个: 2校园 + 12周边)
INSERT INTO stations (id, name, address, latitude, longitude, status, open_time, description, images) VALUES
(1, '图书馆站', '宿迁职业技术学院图书馆一楼大厅', 34.0199, 118.2905, 1, '07:00-22:00', '紧邻图书馆借阅大厅，安静环境适合边学习边充电', '["https://picsum.photos/seed/station1/400/300"]');
INSERT INTO stations (id, name, address, latitude, longitude, status, open_time, description, images) VALUES
(2, '第一食堂站', '宿迁职业技术学院第一食堂门口', 34.0212, 118.2893, 1, '06:30-21:30', '食堂入口右侧，用餐高峰期人流量大，顺路借还方便', '["https://picsum.photos/seed/station2/400/300"]');
INSERT INTO stations (id, name, address, latitude, longitude, status, open_time, description, images) VALUES
(9, '万达广场站', '宿迁市宿城区万达广场1号门入口', 34.025, 118.31, 1, '09:00-22:00', '万达广场1楼服务台旁，宿迁核心商圈，逛街购物随时借还', '["https://picsum.photos/seed/station9/400/300"]');
INSERT INTO stations (id, name, address, latitude, longitude, status, open_time, description, images) VALUES
(10, '宝龙城市广场站', '宿迁市宿城区宝龙城市广场1楼大厅', 34.01, 118.305, 1, '09:00-22:00', '宝龙广场中庭扶梯旁，商业核心区域，客流量大', '["https://picsum.photos/seed/station10/400/300"]');
INSERT INTO stations (id, name, address, latitude, longitude, status, open_time, description, images) VALUES
(11, '第一人民医院站', '宿迁市第一人民医院门诊大厅', 34.033, 118.298, 1, '00:00-24:00', '门诊大厅一楼导诊台对面，24小时全天候服务，满足医患应急充电需求', '["https://picsum.photos/seed/station11/400/300"]');
INSERT INTO stations (id, name, address, latitude, longitude, status, open_time, description, images) VALUES
(12, '宿迁学院站', '宿迁学院图书馆一楼', 34.002, 118.27, 1, '07:00-22:00', '宿迁学院校园核心区域，服务广大师生日常充电需求', '["https://picsum.photos/seed/station12/400/300"]');
INSERT INTO stations (id, name, address, latitude, longitude, status, open_time, description, images) VALUES
(13, '汽车客运站', '宿迁汽车客运站候车大厅', 33.998, 118.28, 1, '06:00-20:00', '候车大厅安检口左侧，出行途中手机没电不用愁', '["https://picsum.photos/seed/station13/400/300"]');
INSERT INTO stations (id, name, address, latitude, longitude, status, open_time, description, images) VALUES
(14, '项王故里站', '宿迁市宿城区项王故里景区入口', 33.995, 118.283, 1, '08:00-18:00', '景区游客中心大厅，游览西楚霸王故里，随时保持电量满满', '["https://picsum.photos/seed/station14/400/300"]');
INSERT INTO stations (id, name, address, latitude, longitude, status, open_time, description, images) VALUES
(15, '湖滨公园站', '宿迁市湖滨新区湖滨公园游客中心', 34.035, 118.31, 1, '08:00-18:00', '游客中心进门处，骆马湖畔休闲漫步也能随时充电', '["https://picsum.photos/seed/station15/400/300"]');
INSERT INTO stations (id, name, address, latitude, longitude, status, open_time, description, images) VALUES
(16, '水韵城站', '宿迁市宿城区水韵城购物中心B1层', 34.008, 118.298, 1, '09:00-22:00', 'B1美食广场入口，餐饮娱乐一站式，等餐时即可充满电', '["https://picsum.photos/seed/station16/400/300"]');
INSERT INTO stations (id, name, address, latitude, longitude, status, open_time, description, images) VALUES
(17, '金鹰购物中心站', '宿迁市宿城区金鹰国际购物中心1楼', 34.015, 118.302, 1, '09:00-22:00', '1楼化妆品区旁，高端商圈配套，购物体验更贴心', '["https://picsum.photos/seed/station17/400/300"]');
INSERT INTO stations (id, name, address, latitude, longitude, status, open_time, description, images) VALUES
(18, '宿迁市中医院站', '宿迁市中医院门诊大厅一楼', 34.028, 118.272, 1, '00:00-24:00', '中医门诊大厅左侧，24小时全天候守护健康与电量', '["https://picsum.photos/seed/station18/400/300"]');
INSERT INTO stations (id, name, address, latitude, longitude, status, open_time, description, images) VALUES
(19, '宿城区政府站', '宿迁市宿城区政府大楼一楼', 34.008, 118.285, 1, '08:00-18:00', '政府大楼一楼大厅电梯旁，政务办事等待时免费充电', '["https://picsum.photos/seed/station19/400/300"]');
INSERT INTO stations (id, name, address, latitude, longitude, status, open_time, description, images) VALUES
(20, '三台山森林公园站', '宿迁市三台山国家森林公园南门', 34.05, 118.31, 1, '08:00-17:00', '景区南门游客服务中心，花海森林与满电同行，旅途更精彩', '["https://picsum.photos/seed/station20/400/300"]');

-- 机柜 (22个)
INSERT INTO cabinets (id, station_id, cabinet_no, status) VALUES (1, 1, 'CAB-001-A', 1);
INSERT INTO cabinets (id, station_id, cabinet_no, status) VALUES (2, 1, 'CAB-001-B', 1);
INSERT INTO cabinets (id, station_id, cabinet_no, status) VALUES (3, 2, 'CAB-002-A', 1);
INSERT INTO cabinets (id, station_id, cabinet_no, status) VALUES (4, 2, 'CAB-002-B', 1);
INSERT INTO cabinets (id, station_id, cabinet_no, status) VALUES (12, 9, 'CAB-009-A', 1);
INSERT INTO cabinets (id, station_id, cabinet_no, status) VALUES (13, 9, 'CAB-009-B', 1);
INSERT INTO cabinets (id, station_id, cabinet_no, status) VALUES (14, 10, 'CAB-010-A', 1);
INSERT INTO cabinets (id, station_id, cabinet_no, status) VALUES (15, 10, 'CAB-010-B', 1);
INSERT INTO cabinets (id, station_id, cabinet_no, status) VALUES (16, 11, 'CAB-011-A', 1);
INSERT INTO cabinets (id, station_id, cabinet_no, status) VALUES (17, 11, 'CAB-011-B', 1);
INSERT INTO cabinets (id, station_id, cabinet_no, status) VALUES (18, 12, 'CAB-012-A', 1);
INSERT INTO cabinets (id, station_id, cabinet_no, status) VALUES (19, 12, 'CAB-012-B', 1);
INSERT INTO cabinets (id, station_id, cabinet_no, status) VALUES (20, 13, 'CAB-013-A', 1);
INSERT INTO cabinets (id, station_id, cabinet_no, status) VALUES (21, 14, 'CAB-014-A', 1);
INSERT INTO cabinets (id, station_id, cabinet_no, status) VALUES (22, 15, 'CAB-015-A', 1);
INSERT INTO cabinets (id, station_id, cabinet_no, status) VALUES (23, 15, 'CAB-015-B', 1);
INSERT INTO cabinets (id, station_id, cabinet_no, status) VALUES (24, 16, 'CAB-016-A', 1);
INSERT INTO cabinets (id, station_id, cabinet_no, status) VALUES (25, 16, 'CAB-016-B', 1);
INSERT INTO cabinets (id, station_id, cabinet_no, status) VALUES (26, 17, 'CAB-017-A', 1);
INSERT INTO cabinets (id, station_id, cabinet_no, status) VALUES (27, 17, 'CAB-017-B', 1);
INSERT INTO cabinets (id, station_id, cabinet_no, status) VALUES (28, 18, 'CAB-018-A', 1);
INSERT INTO cabinets (id, station_id, cabinet_no, status) VALUES (29, 19, 'CAB-019-A', 1);
INSERT INTO cabinets (id, station_id, cabinet_no, status) VALUES (30, 20, 'CAB-020-A', 1);

-- 仓位 & 充电宝
INSERT INTO slots (id, cabinet_id, station_id, slot_no, status, power_bank_id) VALUES (1, 1, 1, 'A01', 'occupied', 1);
INSERT INTO power_banks (id, device_no, station_id, cabinet_id, slot_id, status, battery_level) VALUES (1, 'PB001A01', 1, 1, 1, 'available', 95);
INSERT INTO slots (id, cabinet_id, station_id, slot_no, status, power_bank_id) VALUES (2, 1, 1, 'B02', 'occupied', 2);
INSERT INTO power_banks (id, device_no, station_id, cabinet_id, slot_id, status, battery_level) VALUES (2, 'PB001B02', 1, 1, 2, 'available', 87);
INSERT INTO slots (id, cabinet_id, station_id, slot_no, status, power_bank_id) VALUES (3, 1, 1, 'C03', 'occupied', 3);
INSERT INTO power_banks (id, device_no, station_id, cabinet_id, slot_id, status, battery_level) VALUES (3, 'PB001C03', 1, 1, 3, 'available', 100);
INSERT INTO slots (id, cabinet_id, station_id, slot_no, status, power_bank_id) VALUES (4, 1, 1, 'D04', 'occupied', 4);
INSERT INTO power_banks (id, device_no, station_id, cabinet_id, slot_id, status, battery_level) VALUES (4, 'PB001D04', 1, 1, 4, 'available', 72);
INSERT INTO slots (id, cabinet_id, station_id, slot_no, status, power_bank_id) VALUES (5, 1, 1, 'E05', 'occupied', 5);
INSERT INTO power_banks (id, device_no, station_id, cabinet_id, slot_id, status, battery_level) VALUES (5, 'PB001E05', 1, 1, 5, 'available', 60);
INSERT INTO slots (id, cabinet_id, station_id, slot_no, status, power_bank_id) VALUES (6, 1, 1, 'F06', 'occupied', 6);
INSERT INTO power_banks (id, device_no, station_id, cabinet_id, slot_id, status, battery_level) VALUES (6, 'PB001F06', 1, 1, 6, 'available', 98);
INSERT INTO slots (id, cabinet_id, station_id, slot_no, status, power_bank_id) VALUES (7, 1, 1, 'G07', 'occupied', 7);
INSERT INTO power_banks (id, device_no, station_id, cabinet_id, slot_id, status, battery_level) VALUES (7, 'PB001G07', 1, 1, 7, 'available', 45);
INSERT INTO slots (id, cabinet_id, station_id, slot_no, status, power_bank_id) VALUES (8, 1, 1, 'H08', 'occupied', 8);
INSERT INTO power_banks (id, device_no, station_id, cabinet_id, slot_id, status, battery_level) VALUES (8, 'PB001H08', 1, 1, 8, 'available', 100);
INSERT INTO slots (id, cabinet_id, station_id, slot_no, status, power_bank_id) VALUES (9, 1, 1, 'I09', 'empty', 0);
INSERT INTO slots (id, cabinet_id, station_id, slot_no, status, power_bank_id) VALUES (10, 1, 1, 'J10', 'empty', 0);
INSERT INTO slots (id, cabinet_id, station_id, slot_no, status, power_bank_id) VALUES (11, 1, 1, 'K11', 'empty', 0);
INSERT INTO slots (id, cabinet_id, station_id, slot_no, status, power_bank_id) VALUES (12, 1, 1, 'L12', 'empty', 0);
INSERT INTO slots (id, cabinet_id, station_id, slot_no, status, power_bank_id) VALUES (13, 2, 1, 'A01', 'occupied', 9);
INSERT INTO power_banks (id, device_no, station_id, cabinet_id, slot_id, status, battery_level) VALUES (9, 'PB002A01', 1, 2, 13, 'available', 88);
INSERT INTO slots (id, cabinet_id, station_id, slot_no, status, power_bank_id) VALUES (14, 2, 1, 'B02', 'occupied', 10);
INSERT INTO power_banks (id, device_no, station_id, cabinet_id, slot_id, status, battery_level) VALUES (10, 'PB002B02', 1, 2, 14, 'available', 93);
INSERT INTO slots (id, cabinet_id, station_id, slot_no, status, power_bank_id) VALUES (15, 2, 1, 'C03', 'occupied', 11);
INSERT INTO power_banks (id, device_no, station_id, cabinet_id, slot_id, status, battery_level) VALUES (11, 'PB002C03', 1, 2, 15, 'available', 76);
INSERT INTO slots (id, cabinet_id, station_id, slot_no, status, power_bank_id) VALUES (16, 2, 1, 'D04', 'occupied', 12);
INSERT INTO power_banks (id, device_no, station_id, cabinet_id, slot_id, status, battery_level) VALUES (12, 'PB002D04', 1, 2, 16, 'available', 100);
INSERT INTO slots (id, cabinet_id, station_id, slot_no, status, power_bank_id) VALUES (17, 2, 1, 'E05', 'occupied', 13);
INSERT INTO power_banks (id, device_no, station_id, cabinet_id, slot_id, status, battery_level) VALUES (13, 'PB002E05', 1, 2, 17, 'available', 55);
INSERT INTO slots (id, cabinet_id, station_id, slot_no, status, power_bank_id) VALUES (18, 2, 1, 'F06', 'empty', 0);
INSERT INTO slots (id, cabinet_id, station_id, slot_no, status, power_bank_id) VALUES (19, 2, 1, 'G07', 'empty', 0);
INSERT INTO slots (id, cabinet_id, station_id, slot_no, status, power_bank_id) VALUES (20, 2, 1, 'H08', 'empty', 0);
INSERT INTO slots (id, cabinet_id, station_id, slot_no, status, power_bank_id) VALUES (21, 3, 2, 'A01', 'occupied', 14);
INSERT INTO power_banks (id, device_no, station_id, cabinet_id, slot_id, status, battery_level) VALUES (14, 'PB003A01', 2, 3, 21, 'available', 90);
INSERT INTO slots (id, cabinet_id, station_id, slot_no, status, power_bank_id) VALUES (22, 3, 2, 'B02', 'occupied', 15);
INSERT INTO power_banks (id, device_no, station_id, cabinet_id, slot_id, status, battery_level) VALUES (15, 'PB003B02', 2, 3, 22, 'available', 85);
INSERT INTO slots (id, cabinet_id, station_id, slot_no, status, power_bank_id) VALUES (23, 3, 2, 'C03', 'occupied', 16);
INSERT INTO power_banks (id, device_no, station_id, cabinet_id, slot_id, status, battery_level) VALUES (16, 'PB003C03', 2, 3, 23, 'available', 73);
INSERT INTO slots (id, cabinet_id, station_id, slot_no, status, power_bank_id) VALUES (24, 3, 2, 'D04', 'occupied', 17);
INSERT INTO power_banks (id, device_no, station_id, cabinet_id, slot_id, status, battery_level) VALUES (17, 'PB003D04', 2, 3, 24, 'available', 62);
INSERT INTO slots (id, cabinet_id, station_id, slot_no, status, power_bank_id) VALUES (25, 3, 2, 'E05', 'occupied', 18);
INSERT INTO power_banks (id, device_no, station_id, cabinet_id, slot_id, status, battery_level) VALUES (18, 'PB003E05', 2, 3, 25, 'available', 97);
INSERT INTO slots (id, cabinet_id, station_id, slot_no, status, power_bank_id) VALUES (26, 3, 2, 'F06', 'occupied', 19);
INSERT INTO power_banks (id, device_no, station_id, cabinet_id, slot_id, status, battery_level) VALUES (19, 'PB003F06', 2, 3, 26, 'available', 80);
INSERT INTO slots (id, cabinet_id, station_id, slot_no, status, power_bank_id) VALUES (27, 3, 2, 'G07', 'empty', 0);
INSERT INTO slots (id, cabinet_id, station_id, slot_no, status, power_bank_id) VALUES (28, 3, 2, 'H08', 'empty', 0);
INSERT INTO slots (id, cabinet_id, station_id, slot_no, status, power_bank_id) VALUES (29, 3, 2, 'I09', 'empty', 0);
INSERT INTO slots (id, cabinet_id, station_id, slot_no, status, power_bank_id) VALUES (30, 3, 2, 'J10', 'empty', 0);
INSERT INTO slots (id, cabinet_id, station_id, slot_no, status, power_bank_id) VALUES (31, 3, 2, 'K11', 'empty', 0);
INSERT INTO slots (id, cabinet_id, station_id, slot_no, status, power_bank_id) VALUES (32, 3, 2, 'L12', 'empty', 0);
INSERT INTO slots (id, cabinet_id, station_id, slot_no, status, power_bank_id) VALUES (33, 4, 2, 'A01', 'occupied', 20);
INSERT INTO power_banks (id, device_no, station_id, cabinet_id, slot_id, status, battery_level) VALUES (20, 'PB004A01', 2, 4, 33, 'available', 94);
INSERT INTO slots (id, cabinet_id, station_id, slot_no, status, power_bank_id) VALUES (34, 4, 2, 'B02', 'occupied', 21);
INSERT INTO power_banks (id, device_no, station_id, cabinet_id, slot_id, status, battery_level) VALUES (21, 'PB004B02', 2, 4, 34, 'available', 95);
INSERT INTO slots (id, cabinet_id, station_id, slot_no, status, power_bank_id) VALUES (35, 4, 2, 'C03', 'occupied', 22);
INSERT INTO power_banks (id, device_no, station_id, cabinet_id, slot_id, status, battery_level) VALUES (22, 'PB004C03', 2, 4, 35, 'available', 87);
INSERT INTO slots (id, cabinet_id, station_id, slot_no, status, power_bank_id) VALUES (36, 4, 2, 'D04', 'occupied', 23);
INSERT INTO power_banks (id, device_no, station_id, cabinet_id, slot_id, status, battery_level) VALUES (23, 'PB004D04', 2, 4, 36, 'available', 100);
INSERT INTO slots (id, cabinet_id, station_id, slot_no, status, power_bank_id) VALUES (37, 4, 2, 'E05', 'empty', 0);
INSERT INTO slots (id, cabinet_id, station_id, slot_no, status, power_bank_id) VALUES (38, 4, 2, 'F06', 'empty', 0);
INSERT INTO slots (id, cabinet_id, station_id, slot_no, status, power_bank_id) VALUES (39, 4, 2, 'G07', 'empty', 0);
INSERT INTO slots (id, cabinet_id, station_id, slot_no, status, power_bank_id) VALUES (40, 4, 2, 'H08', 'empty', 0);
INSERT INTO slots (id, cabinet_id, station_id, slot_no, status, power_bank_id) VALUES (41, 12, 9, 'A01', 'occupied', 24);
INSERT INTO power_banks (id, device_no, station_id, cabinet_id, slot_id, status, battery_level) VALUES (24, 'PB012A01', 9, 12, 41, 'available', 72);
INSERT INTO slots (id, cabinet_id, station_id, slot_no, status, power_bank_id) VALUES (42, 12, 9, 'B02', 'occupied', 25);
INSERT INTO power_banks (id, device_no, station_id, cabinet_id, slot_id, status, battery_level) VALUES (25, 'PB012B02', 9, 12, 42, 'available', 60);
INSERT INTO slots (id, cabinet_id, station_id, slot_no, status, power_bank_id) VALUES (43, 12, 9, 'C03', 'occupied', 26);
INSERT INTO power_banks (id, device_no, station_id, cabinet_id, slot_id, status, battery_level) VALUES (26, 'PB012C03', 9, 12, 43, 'available', 98);
INSERT INTO slots (id, cabinet_id, station_id, slot_no, status, power_bank_id) VALUES (44, 12, 9, 'D04', 'occupied', 27);
INSERT INTO power_banks (id, device_no, station_id, cabinet_id, slot_id, status, battery_level) VALUES (27, 'PB012D04', 9, 12, 44, 'available', 45);
INSERT INTO slots (id, cabinet_id, station_id, slot_no, status, power_bank_id) VALUES (45, 12, 9, 'E05', 'occupied', 28);
INSERT INTO power_banks (id, device_no, station_id, cabinet_id, slot_id, status, battery_level) VALUES (28, 'PB012E05', 9, 12, 45, 'available', 100);
INSERT INTO slots (id, cabinet_id, station_id, slot_no, status, power_bank_id) VALUES (46, 12, 9, 'F06', 'occupied', 29);
INSERT INTO power_banks (id, device_no, station_id, cabinet_id, slot_id, status, battery_level) VALUES (29, 'PB012F06', 9, 12, 46, 'available', 88);
INSERT INTO slots (id, cabinet_id, station_id, slot_no, status, power_bank_id) VALUES (47, 12, 9, 'G07', 'occupied', 30);
INSERT INTO power_banks (id, device_no, station_id, cabinet_id, slot_id, status, battery_level) VALUES (30, 'PB012G07', 9, 12, 47, 'available', 93);
INSERT INTO slots (id, cabinet_id, station_id, slot_no, status, power_bank_id) VALUES (48, 12, 9, 'H08', 'empty', 0);
INSERT INTO slots (id, cabinet_id, station_id, slot_no, status, power_bank_id) VALUES (49, 12, 9, 'I09', 'empty', 0);
INSERT INTO slots (id, cabinet_id, station_id, slot_no, status, power_bank_id) VALUES (50, 12, 9, 'J10', 'empty', 0);
INSERT INTO slots (id, cabinet_id, station_id, slot_no, status, power_bank_id) VALUES (51, 12, 9, 'K11', 'empty', 0);
INSERT INTO slots (id, cabinet_id, station_id, slot_no, status, power_bank_id) VALUES (52, 12, 9, 'L12', 'empty', 0);
INSERT INTO slots (id, cabinet_id, station_id, slot_no, status, power_bank_id) VALUES (53, 13, 9, 'A01', 'occupied', 31);
INSERT INTO power_banks (id, device_no, station_id, cabinet_id, slot_id, status, battery_level) VALUES (31, 'PB013A01', 9, 13, 53, 'available', 76);
INSERT INTO slots (id, cabinet_id, station_id, slot_no, status, power_bank_id) VALUES (54, 13, 9, 'B02', 'occupied', 32);
INSERT INTO power_banks (id, device_no, station_id, cabinet_id, slot_id, status, battery_level) VALUES (32, 'PB013B02', 9, 13, 54, 'available', 100);
INSERT INTO slots (id, cabinet_id, station_id, slot_no, status, power_bank_id) VALUES (55, 13, 9, 'C03', 'occupied', 33);
INSERT INTO power_banks (id, device_no, station_id, cabinet_id, slot_id, status, battery_level) VALUES (33, 'PB013C03', 9, 13, 55, 'available', 55);
INSERT INTO slots (id, cabinet_id, station_id, slot_no, status, power_bank_id) VALUES (56, 13, 9, 'D04', 'occupied', 34);
INSERT INTO power_banks (id, device_no, station_id, cabinet_id, slot_id, status, battery_level) VALUES (34, 'PB013D04', 9, 13, 56, 'available', 90);
INSERT INTO slots (id, cabinet_id, station_id, slot_no, status, power_bank_id) VALUES (57, 13, 9, 'E05', 'empty', 0);
INSERT INTO slots (id, cabinet_id, station_id, slot_no, status, power_bank_id) VALUES (58, 13, 9, 'F06', 'empty', 0);
INSERT INTO slots (id, cabinet_id, station_id, slot_no, status, power_bank_id) VALUES (59, 13, 9, 'G07', 'empty', 0);
INSERT INTO slots (id, cabinet_id, station_id, slot_no, status, power_bank_id) VALUES (60, 13, 9, 'H08', 'empty', 0);
INSERT INTO slots (id, cabinet_id, station_id, slot_no, status, power_bank_id) VALUES (61, 14, 10, 'A01', 'occupied', 35);
INSERT INTO power_banks (id, device_no, station_id, cabinet_id, slot_id, status, battery_level) VALUES (35, 'PB014A01', 10, 14, 61, 'available', 85);
INSERT INTO slots (id, cabinet_id, station_id, slot_no, status, power_bank_id) VALUES (62, 14, 10, 'B02', 'occupied', 36);
INSERT INTO power_banks (id, device_no, station_id, cabinet_id, slot_id, status, battery_level) VALUES (36, 'PB014B02', 10, 14, 62, 'available', 73);
INSERT INTO slots (id, cabinet_id, station_id, slot_no, status, power_bank_id) VALUES (63, 14, 10, 'C03', 'occupied', 37);
INSERT INTO power_banks (id, device_no, station_id, cabinet_id, slot_id, status, battery_level) VALUES (37, 'PB014C03', 10, 14, 63, 'available', 62);
INSERT INTO slots (id, cabinet_id, station_id, slot_no, status, power_bank_id) VALUES (64, 14, 10, 'D04', 'occupied', 38);
INSERT INTO power_banks (id, device_no, station_id, cabinet_id, slot_id, status, battery_level) VALUES (38, 'PB014D04', 10, 14, 64, 'available', 97);
INSERT INTO slots (id, cabinet_id, station_id, slot_no, status, power_bank_id) VALUES (65, 14, 10, 'E05', 'occupied', 39);
INSERT INTO power_banks (id, device_no, station_id, cabinet_id, slot_id, status, battery_level) VALUES (39, 'PB014E05', 10, 14, 65, 'available', 80);
INSERT INTO slots (id, cabinet_id, station_id, slot_no, status, power_bank_id) VALUES (66, 14, 10, 'F06', 'empty', 0);
INSERT INTO slots (id, cabinet_id, station_id, slot_no, status, power_bank_id) VALUES (67, 14, 10, 'G07', 'empty', 0);
INSERT INTO slots (id, cabinet_id, station_id, slot_no, status, power_bank_id) VALUES (68, 14, 10, 'H08', 'empty', 0);
INSERT INTO slots (id, cabinet_id, station_id, slot_no, status, power_bank_id) VALUES (69, 14, 10, 'I09', 'empty', 0);
INSERT INTO slots (id, cabinet_id, station_id, slot_no, status, power_bank_id) VALUES (70, 14, 10, 'J10', 'empty', 0);
INSERT INTO slots (id, cabinet_id, station_id, slot_no, status, power_bank_id) VALUES (71, 14, 10, 'K11', 'empty', 0);
INSERT INTO slots (id, cabinet_id, station_id, slot_no, status, power_bank_id) VALUES (72, 14, 10, 'L12', 'empty', 0);
INSERT INTO slots (id, cabinet_id, station_id, slot_no, status, power_bank_id) VALUES (73, 15, 10, 'A01', 'occupied', 40);
INSERT INTO power_banks (id, device_no, station_id, cabinet_id, slot_id, status, battery_level) VALUES (40, 'PB015A01', 10, 15, 73, 'available', 94);
INSERT INTO slots (id, cabinet_id, station_id, slot_no, status, power_bank_id) VALUES (74, 15, 10, 'B02', 'occupied', 41);
INSERT INTO power_banks (id, device_no, station_id, cabinet_id, slot_id, status, battery_level) VALUES (41, 'PB015B02', 10, 15, 74, 'available', 95);
INSERT INTO slots (id, cabinet_id, station_id, slot_no, status, power_bank_id) VALUES (75, 15, 10, 'C03', 'occupied', 42);
INSERT INTO power_banks (id, device_no, station_id, cabinet_id, slot_id, status, battery_level) VALUES (42, 'PB015C03', 10, 15, 75, 'available', 87);
INSERT INTO slots (id, cabinet_id, station_id, slot_no, status, power_bank_id) VALUES (76, 15, 10, 'D04', 'occupied', 43);
INSERT INTO power_banks (id, device_no, station_id, cabinet_id, slot_id, status, battery_level) VALUES (43, 'PB015D04', 10, 15, 76, 'available', 100);
INSERT INTO slots (id, cabinet_id, station_id, slot_no, status, power_bank_id) VALUES (77, 15, 10, 'E05', 'occupied', 44);
INSERT INTO power_banks (id, device_no, station_id, cabinet_id, slot_id, status, battery_level) VALUES (44, 'PB015E05', 10, 15, 77, 'available', 72);
INSERT INTO slots (id, cabinet_id, station_id, slot_no, status, power_bank_id) VALUES (78, 15, 10, 'F06', 'empty', 0);
INSERT INTO slots (id, cabinet_id, station_id, slot_no, status, power_bank_id) VALUES (79, 15, 10, 'G07', 'empty', 0);
INSERT INTO slots (id, cabinet_id, station_id, slot_no, status, power_bank_id) VALUES (80, 15, 10, 'H08', 'empty', 0);
INSERT INTO slots (id, cabinet_id, station_id, slot_no, status, power_bank_id) VALUES (81, 16, 11, 'A01', 'occupied', 45);
INSERT INTO power_banks (id, device_no, station_id, cabinet_id, slot_id, status, battery_level) VALUES (45, 'PB016A01', 11, 16, 81, 'available', 60);
INSERT INTO slots (id, cabinet_id, station_id, slot_no, status, power_bank_id) VALUES (82, 16, 11, 'B02', 'occupied', 46);
INSERT INTO power_banks (id, device_no, station_id, cabinet_id, slot_id, status, battery_level) VALUES (46, 'PB016B02', 11, 16, 82, 'available', 98);
INSERT INTO slots (id, cabinet_id, station_id, slot_no, status, power_bank_id) VALUES (83, 16, 11, 'C03', 'occupied', 47);
INSERT INTO power_banks (id, device_no, station_id, cabinet_id, slot_id, status, battery_level) VALUES (47, 'PB016C03', 11, 16, 83, 'available', 45);
INSERT INTO slots (id, cabinet_id, station_id, slot_no, status, power_bank_id) VALUES (84, 16, 11, 'D04', 'occupied', 48);
INSERT INTO power_banks (id, device_no, station_id, cabinet_id, slot_id, status, battery_level) VALUES (48, 'PB016D04', 11, 16, 84, 'available', 100);
INSERT INTO slots (id, cabinet_id, station_id, slot_no, status, power_bank_id) VALUES (85, 16, 11, 'E05', 'occupied', 49);
INSERT INTO power_banks (id, device_no, station_id, cabinet_id, slot_id, status, battery_level) VALUES (49, 'PB016E05', 11, 16, 85, 'available', 88);
INSERT INTO slots (id, cabinet_id, station_id, slot_no, status, power_bank_id) VALUES (86, 16, 11, 'F06', 'occupied', 50);
INSERT INTO power_banks (id, device_no, station_id, cabinet_id, slot_id, status, battery_level) VALUES (50, 'PB016F06', 11, 16, 86, 'available', 93);
INSERT INTO slots (id, cabinet_id, station_id, slot_no, status, power_bank_id) VALUES (87, 16, 11, 'G07', 'empty', 0);
INSERT INTO slots (id, cabinet_id, station_id, slot_no, status, power_bank_id) VALUES (88, 16, 11, 'H08', 'empty', 0);
INSERT INTO slots (id, cabinet_id, station_id, slot_no, status, power_bank_id) VALUES (89, 16, 11, 'I09', 'empty', 0);
INSERT INTO slots (id, cabinet_id, station_id, slot_no, status, power_bank_id) VALUES (90, 16, 11, 'J10', 'empty', 0);
INSERT INTO slots (id, cabinet_id, station_id, slot_no, status, power_bank_id) VALUES (91, 16, 11, 'K11', 'empty', 0);
INSERT INTO slots (id, cabinet_id, station_id, slot_no, status, power_bank_id) VALUES (92, 16, 11, 'L12', 'empty', 0);
INSERT INTO slots (id, cabinet_id, station_id, slot_no, status, power_bank_id) VALUES (93, 17, 11, 'A01', 'occupied', 51);
INSERT INTO power_banks (id, device_no, station_id, cabinet_id, slot_id, status, battery_level) VALUES (51, 'PB017A01', 11, 17, 93, 'available', 76);
INSERT INTO slots (id, cabinet_id, station_id, slot_no, status, power_bank_id) VALUES (94, 17, 11, 'B02', 'occupied', 52);
INSERT INTO power_banks (id, device_no, station_id, cabinet_id, slot_id, status, battery_level) VALUES (52, 'PB017B02', 11, 17, 94, 'available', 100);
INSERT INTO slots (id, cabinet_id, station_id, slot_no, status, power_bank_id) VALUES (95, 17, 11, 'C03', 'occupied', 53);
INSERT INTO power_banks (id, device_no, station_id, cabinet_id, slot_id, status, battery_level) VALUES (53, 'PB017C03', 11, 17, 95, 'available', 55);
INSERT INTO slots (id, cabinet_id, station_id, slot_no, status, power_bank_id) VALUES (96, 17, 11, 'D04', 'occupied', 54);
INSERT INTO power_banks (id, device_no, station_id, cabinet_id, slot_id, status, battery_level) VALUES (54, 'PB017D04', 11, 17, 96, 'available', 90);
INSERT INTO slots (id, cabinet_id, station_id, slot_no, status, power_bank_id) VALUES (97, 17, 11, 'E05', 'occupied', 55);
INSERT INTO power_banks (id, device_no, station_id, cabinet_id, slot_id, status, battery_level) VALUES (55, 'PB017E05', 11, 17, 97, 'available', 85);
INSERT INTO slots (id, cabinet_id, station_id, slot_no, status, power_bank_id) VALUES (98, 17, 11, 'F06', 'occupied', 56);
INSERT INTO power_banks (id, device_no, station_id, cabinet_id, slot_id, status, battery_level) VALUES (56, 'PB017F06', 11, 17, 98, 'available', 73);
INSERT INTO slots (id, cabinet_id, station_id, slot_no, status, power_bank_id) VALUES (99, 17, 11, 'G07', 'empty', 0);
INSERT INTO slots (id, cabinet_id, station_id, slot_no, status, power_bank_id) VALUES (100, 17, 11, 'H08', 'empty', 0);
INSERT INTO slots (id, cabinet_id, station_id, slot_no, status, power_bank_id) VALUES (101, 18, 12, 'A01', 'occupied', 57);
INSERT INTO power_banks (id, device_no, station_id, cabinet_id, slot_id, status, battery_level) VALUES (57, 'PB018A01', 12, 18, 101, 'available', 62);
INSERT INTO slots (id, cabinet_id, station_id, slot_no, status, power_bank_id) VALUES (102, 18, 12, 'B02', 'occupied', 58);
INSERT INTO power_banks (id, device_no, station_id, cabinet_id, slot_id, status, battery_level) VALUES (58, 'PB018B02', 12, 18, 102, 'available', 97);
INSERT INTO slots (id, cabinet_id, station_id, slot_no, status, power_bank_id) VALUES (103, 18, 12, 'C03', 'occupied', 59);
INSERT INTO power_banks (id, device_no, station_id, cabinet_id, slot_id, status, battery_level) VALUES (59, 'PB018C03', 12, 18, 103, 'available', 80);
INSERT INTO slots (id, cabinet_id, station_id, slot_no, status, power_bank_id) VALUES (104, 18, 12, 'D04', 'occupied', 60);
INSERT INTO power_banks (id, device_no, station_id, cabinet_id, slot_id, status, battery_level) VALUES (60, 'PB018D04', 12, 18, 104, 'available', 94);
INSERT INTO slots (id, cabinet_id, station_id, slot_no, status, power_bank_id) VALUES (105, 18, 12, 'E05', 'occupied', 61);
INSERT INTO power_banks (id, device_no, station_id, cabinet_id, slot_id, status, battery_level) VALUES (61, 'PB018E05', 12, 18, 105, 'available', 95);
INSERT INTO slots (id, cabinet_id, station_id, slot_no, status, power_bank_id) VALUES (106, 18, 12, 'F06', 'occupied', 62);
INSERT INTO power_banks (id, device_no, station_id, cabinet_id, slot_id, status, battery_level) VALUES (62, 'PB018F06', 12, 18, 106, 'available', 87);
INSERT INTO slots (id, cabinet_id, station_id, slot_no, status, power_bank_id) VALUES (107, 18, 12, 'G07', 'occupied', 63);
INSERT INTO power_banks (id, device_no, station_id, cabinet_id, slot_id, status, battery_level) VALUES (63, 'PB018G07', 12, 18, 107, 'available', 100);
INSERT INTO slots (id, cabinet_id, station_id, slot_no, status, power_bank_id) VALUES (108, 18, 12, 'H08', 'occupied', 64);
INSERT INTO power_banks (id, device_no, station_id, cabinet_id, slot_id, status, battery_level) VALUES (64, 'PB018H08', 12, 18, 108, 'available', 72);
INSERT INTO slots (id, cabinet_id, station_id, slot_no, status, power_bank_id) VALUES (109, 18, 12, 'I09', 'empty', 0);
INSERT INTO slots (id, cabinet_id, station_id, slot_no, status, power_bank_id) VALUES (110, 18, 12, 'J10', 'empty', 0);
INSERT INTO slots (id, cabinet_id, station_id, slot_no, status, power_bank_id) VALUES (111, 18, 12, 'K11', 'empty', 0);
INSERT INTO slots (id, cabinet_id, station_id, slot_no, status, power_bank_id) VALUES (112, 18, 12, 'L12', 'empty', 0);
INSERT INTO slots (id, cabinet_id, station_id, slot_no, status, power_bank_id) VALUES (113, 19, 12, 'A01', 'occupied', 65);
INSERT INTO power_banks (id, device_no, station_id, cabinet_id, slot_id, status, battery_level) VALUES (65, 'PB019A01', 12, 19, 113, 'available', 60);
INSERT INTO slots (id, cabinet_id, station_id, slot_no, status, power_bank_id) VALUES (114, 19, 12, 'B02', 'occupied', 66);
INSERT INTO power_banks (id, device_no, station_id, cabinet_id, slot_id, status, battery_level) VALUES (66, 'PB019B02', 12, 19, 114, 'available', 98);
INSERT INTO slots (id, cabinet_id, station_id, slot_no, status, power_bank_id) VALUES (115, 19, 12, 'C03', 'occupied', 67);
INSERT INTO power_banks (id, device_no, station_id, cabinet_id, slot_id, status, battery_level) VALUES (67, 'PB019C03', 12, 19, 115, 'available', 45);
INSERT INTO slots (id, cabinet_id, station_id, slot_no, status, power_bank_id) VALUES (116, 19, 12, 'D04', 'occupied', 68);
INSERT INTO power_banks (id, device_no, station_id, cabinet_id, slot_id, status, battery_level) VALUES (68, 'PB019D04', 12, 19, 116, 'available', 100);
INSERT INTO slots (id, cabinet_id, station_id, slot_no, status, power_bank_id) VALUES (117, 19, 12, 'E05', 'occupied', 69);
INSERT INTO power_banks (id, device_no, station_id, cabinet_id, slot_id, status, battery_level) VALUES (69, 'PB019E05', 12, 19, 117, 'available', 88);
INSERT INTO slots (id, cabinet_id, station_id, slot_no, status, power_bank_id) VALUES (118, 19, 12, 'F06', 'empty', 0);
INSERT INTO slots (id, cabinet_id, station_id, slot_no, status, power_bank_id) VALUES (119, 19, 12, 'G07', 'empty', 0);
INSERT INTO slots (id, cabinet_id, station_id, slot_no, status, power_bank_id) VALUES (120, 19, 12, 'H08', 'empty', 0);
INSERT INTO slots (id, cabinet_id, station_id, slot_no, status, power_bank_id) VALUES (121, 20, 13, 'A01', 'occupied', 70);
INSERT INTO power_banks (id, device_no, station_id, cabinet_id, slot_id, status, battery_level) VALUES (70, 'PB020A01', 13, 20, 121, 'available', 93);
INSERT INTO slots (id, cabinet_id, station_id, slot_no, status, power_bank_id) VALUES (122, 20, 13, 'B02', 'occupied', 71);
INSERT INTO power_banks (id, device_no, station_id, cabinet_id, slot_id, status, battery_level) VALUES (71, 'PB020B02', 13, 20, 122, 'available', 76);
INSERT INTO slots (id, cabinet_id, station_id, slot_no, status, power_bank_id) VALUES (123, 20, 13, 'C03', 'occupied', 72);
INSERT INTO power_banks (id, device_no, station_id, cabinet_id, slot_id, status, battery_level) VALUES (72, 'PB020C03', 13, 20, 123, 'available', 100);
INSERT INTO slots (id, cabinet_id, station_id, slot_no, status, power_bank_id) VALUES (124, 20, 13, 'D04', 'occupied', 73);
INSERT INTO power_banks (id, device_no, station_id, cabinet_id, slot_id, status, battery_level) VALUES (73, 'PB020D04', 13, 20, 124, 'available', 55);
INSERT INTO slots (id, cabinet_id, station_id, slot_no, status, power_bank_id) VALUES (125, 20, 13, 'E05', 'empty', 0);
INSERT INTO slots (id, cabinet_id, station_id, slot_no, status, power_bank_id) VALUES (126, 20, 13, 'F06', 'empty', 0);
INSERT INTO slots (id, cabinet_id, station_id, slot_no, status, power_bank_id) VALUES (127, 20, 13, 'G07', 'empty', 0);
INSERT INTO slots (id, cabinet_id, station_id, slot_no, status, power_bank_id) VALUES (128, 20, 13, 'H08', 'empty', 0);
INSERT INTO slots (id, cabinet_id, station_id, slot_no, status, power_bank_id) VALUES (129, 21, 14, 'A01', 'occupied', 74);
INSERT INTO power_banks (id, device_no, station_id, cabinet_id, slot_id, status, battery_level) VALUES (74, 'PB021A01', 14, 21, 129, 'available', 90);
INSERT INTO slots (id, cabinet_id, station_id, slot_no, status, power_bank_id) VALUES (130, 21, 14, 'B02', 'occupied', 75);
INSERT INTO power_banks (id, device_no, station_id, cabinet_id, slot_id, status, battery_level) VALUES (75, 'PB021B02', 14, 21, 130, 'available', 85);
INSERT INTO slots (id, cabinet_id, station_id, slot_no, status, power_bank_id) VALUES (131, 21, 14, 'C03', 'occupied', 76);
INSERT INTO power_banks (id, device_no, station_id, cabinet_id, slot_id, status, battery_level) VALUES (76, 'PB021C03', 14, 21, 131, 'available', 73);
INSERT INTO slots (id, cabinet_id, station_id, slot_no, status, power_bank_id) VALUES (132, 21, 14, 'D04', 'occupied', 77);
INSERT INTO power_banks (id, device_no, station_id, cabinet_id, slot_id, status, battery_level) VALUES (77, 'PB021D04', 14, 21, 132, 'available', 62);
INSERT INTO slots (id, cabinet_id, station_id, slot_no, status, power_bank_id) VALUES (133, 21, 14, 'E05', 'occupied', 78);
INSERT INTO power_banks (id, device_no, station_id, cabinet_id, slot_id, status, battery_level) VALUES (78, 'PB021E05', 14, 21, 133, 'available', 97);
INSERT INTO slots (id, cabinet_id, station_id, slot_no, status, power_bank_id) VALUES (134, 21, 14, 'F06', 'empty', 0);
INSERT INTO slots (id, cabinet_id, station_id, slot_no, status, power_bank_id) VALUES (135, 21, 14, 'G07', 'empty', 0);
INSERT INTO slots (id, cabinet_id, station_id, slot_no, status, power_bank_id) VALUES (136, 21, 14, 'H08', 'empty', 0);
INSERT INTO slots (id, cabinet_id, station_id, slot_no, status, power_bank_id) VALUES (137, 22, 15, 'A01', 'occupied', 79);
INSERT INTO power_banks (id, device_no, station_id, cabinet_id, slot_id, status, battery_level) VALUES (79, 'PB022A01', 15, 22, 137, 'available', 80);
INSERT INTO slots (id, cabinet_id, station_id, slot_no, status, power_bank_id) VALUES (138, 22, 15, 'B02', 'occupied', 80);
INSERT INTO power_banks (id, device_no, station_id, cabinet_id, slot_id, status, battery_level) VALUES (80, 'PB022B02', 15, 22, 138, 'available', 94);
INSERT INTO slots (id, cabinet_id, station_id, slot_no, status, power_bank_id) VALUES (139, 22, 15, 'C03', 'occupied', 81);
INSERT INTO power_banks (id, device_no, station_id, cabinet_id, slot_id, status, battery_level) VALUES (81, 'PB022C03', 15, 22, 139, 'available', 95);
INSERT INTO slots (id, cabinet_id, station_id, slot_no, status, power_bank_id) VALUES (140, 22, 15, 'D04', 'occupied', 82);
INSERT INTO power_banks (id, device_no, station_id, cabinet_id, slot_id, status, battery_level) VALUES (82, 'PB022D04', 15, 22, 140, 'available', 87);
INSERT INTO slots (id, cabinet_id, station_id, slot_no, status, power_bank_id) VALUES (141, 22, 15, 'E05', 'occupied', 83);
INSERT INTO power_banks (id, device_no, station_id, cabinet_id, slot_id, status, battery_level) VALUES (83, 'PB022E05', 15, 22, 141, 'available', 100);
INSERT INTO slots (id, cabinet_id, station_id, slot_no, status, power_bank_id) VALUES (142, 22, 15, 'F06', 'occupied', 84);
INSERT INTO power_banks (id, device_no, station_id, cabinet_id, slot_id, status, battery_level) VALUES (84, 'PB022F06', 15, 22, 142, 'available', 72);
INSERT INTO slots (id, cabinet_id, station_id, slot_no, status, power_bank_id) VALUES (143, 22, 15, 'G07', 'occupied', 85);
INSERT INTO power_banks (id, device_no, station_id, cabinet_id, slot_id, status, battery_level) VALUES (85, 'PB022G07', 15, 22, 143, 'available', 60);
INSERT INTO slots (id, cabinet_id, station_id, slot_no, status, power_bank_id) VALUES (144, 22, 15, 'H08', 'occupied', 86);
INSERT INTO power_banks (id, device_no, station_id, cabinet_id, slot_id, status, battery_level) VALUES (86, 'PB022H08', 15, 22, 144, 'available', 98);
INSERT INTO slots (id, cabinet_id, station_id, slot_no, status, power_bank_id) VALUES (145, 22, 15, 'I09', 'empty', 0);
INSERT INTO slots (id, cabinet_id, station_id, slot_no, status, power_bank_id) VALUES (146, 22, 15, 'J10', 'empty', 0);
INSERT INTO slots (id, cabinet_id, station_id, slot_no, status, power_bank_id) VALUES (147, 22, 15, 'K11', 'empty', 0);
INSERT INTO slots (id, cabinet_id, station_id, slot_no, status, power_bank_id) VALUES (148, 22, 15, 'L12', 'empty', 0);
INSERT INTO slots (id, cabinet_id, station_id, slot_no, status, power_bank_id) VALUES (149, 23, 15, 'A01', 'occupied', 87);
INSERT INTO power_banks (id, device_no, station_id, cabinet_id, slot_id, status, battery_level) VALUES (87, 'PB023A01', 15, 23, 149, 'available', 45);
INSERT INTO slots (id, cabinet_id, station_id, slot_no, status, power_bank_id) VALUES (150, 23, 15, 'B02', 'occupied', 88);
INSERT INTO power_banks (id, device_no, station_id, cabinet_id, slot_id, status, battery_level) VALUES (88, 'PB023B02', 15, 23, 150, 'available', 100);
INSERT INTO slots (id, cabinet_id, station_id, slot_no, status, power_bank_id) VALUES (151, 23, 15, 'C03', 'occupied', 89);
INSERT INTO power_banks (id, device_no, station_id, cabinet_id, slot_id, status, battery_level) VALUES (89, 'PB023C03', 15, 23, 151, 'available', 88);
INSERT INTO slots (id, cabinet_id, station_id, slot_no, status, power_bank_id) VALUES (152, 23, 15, 'D04', 'occupied', 90);
INSERT INTO power_banks (id, device_no, station_id, cabinet_id, slot_id, status, battery_level) VALUES (90, 'PB023D04', 15, 23, 152, 'available', 93);
INSERT INTO slots (id, cabinet_id, station_id, slot_no, status, power_bank_id) VALUES (153, 23, 15, 'E05', 'occupied', 91);
INSERT INTO power_banks (id, device_no, station_id, cabinet_id, slot_id, status, battery_level) VALUES (91, 'PB023E05', 15, 23, 153, 'available', 76);
INSERT INTO slots (id, cabinet_id, station_id, slot_no, status, power_bank_id) VALUES (154, 23, 15, 'F06', 'occupied', 92);
INSERT INTO power_banks (id, device_no, station_id, cabinet_id, slot_id, status, battery_level) VALUES (92, 'PB023F06', 15, 23, 154, 'available', 100);
INSERT INTO slots (id, cabinet_id, station_id, slot_no, status, power_bank_id) VALUES (155, 23, 15, 'G07', 'empty', 0);
INSERT INTO slots (id, cabinet_id, station_id, slot_no, status, power_bank_id) VALUES (156, 23, 15, 'H08', 'empty', 0);
INSERT INTO slots (id, cabinet_id, station_id, slot_no, status, power_bank_id) VALUES (157, 24, 16, 'A01', 'occupied', 93);
INSERT INTO power_banks (id, device_no, station_id, cabinet_id, slot_id, status, battery_level) VALUES (93, 'PB024A01', 16, 24, 157, 'available', 55);
INSERT INTO slots (id, cabinet_id, station_id, slot_no, status, power_bank_id) VALUES (158, 24, 16, 'B02', 'occupied', 94);
INSERT INTO power_banks (id, device_no, station_id, cabinet_id, slot_id, status, battery_level) VALUES (94, 'PB024B02', 16, 24, 158, 'available', 90);
INSERT INTO slots (id, cabinet_id, station_id, slot_no, status, power_bank_id) VALUES (159, 24, 16, 'C03', 'occupied', 95);
INSERT INTO power_banks (id, device_no, station_id, cabinet_id, slot_id, status, battery_level) VALUES (95, 'PB024C03', 16, 24, 159, 'available', 85);
INSERT INTO slots (id, cabinet_id, station_id, slot_no, status, power_bank_id) VALUES (160, 24, 16, 'D04', 'occupied', 96);
INSERT INTO power_banks (id, device_no, station_id, cabinet_id, slot_id, status, battery_level) VALUES (96, 'PB024D04', 16, 24, 160, 'available', 73);
INSERT INTO slots (id, cabinet_id, station_id, slot_no, status, power_bank_id) VALUES (161, 24, 16, 'E05', 'occupied', 97);
INSERT INTO power_banks (id, device_no, station_id, cabinet_id, slot_id, status, battery_level) VALUES (97, 'PB024E05', 16, 24, 161, 'available', 62);
INSERT INTO slots (id, cabinet_id, station_id, slot_no, status, power_bank_id) VALUES (162, 24, 16, 'F06', 'occupied', 98);
INSERT INTO power_banks (id, device_no, station_id, cabinet_id, slot_id, status, battery_level) VALUES (98, 'PB024F06', 16, 24, 162, 'available', 97);
INSERT INTO slots (id, cabinet_id, station_id, slot_no, status, power_bank_id) VALUES (163, 24, 16, 'G07', 'empty', 0);
INSERT INTO slots (id, cabinet_id, station_id, slot_no, status, power_bank_id) VALUES (164, 24, 16, 'H08', 'empty', 0);
INSERT INTO slots (id, cabinet_id, station_id, slot_no, status, power_bank_id) VALUES (165, 24, 16, 'I09', 'empty', 0);
INSERT INTO slots (id, cabinet_id, station_id, slot_no, status, power_bank_id) VALUES (166, 24, 16, 'J10', 'empty', 0);
INSERT INTO slots (id, cabinet_id, station_id, slot_no, status, power_bank_id) VALUES (167, 24, 16, 'K11', 'empty', 0);
INSERT INTO slots (id, cabinet_id, station_id, slot_no, status, power_bank_id) VALUES (168, 24, 16, 'L12', 'empty', 0);
INSERT INTO slots (id, cabinet_id, station_id, slot_no, status, power_bank_id) VALUES (169, 25, 16, 'A01', 'occupied', 99);
INSERT INTO power_banks (id, device_no, station_id, cabinet_id, slot_id, status, battery_level) VALUES (99, 'PB025A01', 16, 25, 169, 'available', 80);
INSERT INTO slots (id, cabinet_id, station_id, slot_no, status, power_bank_id) VALUES (170, 25, 16, 'B02', 'occupied', 100);
INSERT INTO power_banks (id, device_no, station_id, cabinet_id, slot_id, status, battery_level) VALUES (100, 'PB025B02', 16, 25, 170, 'available', 94);
INSERT INTO slots (id, cabinet_id, station_id, slot_no, status, power_bank_id) VALUES (171, 25, 16, 'C03', 'occupied', 101);
INSERT INTO power_banks (id, device_no, station_id, cabinet_id, slot_id, status, battery_level) VALUES (101, 'PB025C03', 16, 25, 171, 'available', 95);
INSERT INTO slots (id, cabinet_id, station_id, slot_no, status, power_bank_id) VALUES (172, 25, 16, 'D04', 'occupied', 102);
INSERT INTO power_banks (id, device_no, station_id, cabinet_id, slot_id, status, battery_level) VALUES (102, 'PB025D04', 16, 25, 172, 'available', 87);
INSERT INTO slots (id, cabinet_id, station_id, slot_no, status, power_bank_id) VALUES (173, 25, 16, 'E05', 'occupied', 103);
INSERT INTO power_banks (id, device_no, station_id, cabinet_id, slot_id, status, battery_level) VALUES (103, 'PB025E05', 16, 25, 173, 'available', 100);
INSERT INTO slots (id, cabinet_id, station_id, slot_no, status, power_bank_id) VALUES (174, 25, 16, 'F06', 'empty', 0);
INSERT INTO slots (id, cabinet_id, station_id, slot_no, status, power_bank_id) VALUES (175, 25, 16, 'G07', 'empty', 0);
INSERT INTO slots (id, cabinet_id, station_id, slot_no, status, power_bank_id) VALUES (176, 25, 16, 'H08', 'empty', 0);
INSERT INTO slots (id, cabinet_id, station_id, slot_no, status, power_bank_id) VALUES (177, 26, 17, 'A01', 'occupied', 104);
INSERT INTO power_banks (id, device_no, station_id, cabinet_id, slot_id, status, battery_level) VALUES (104, 'PB026A01', 17, 26, 177, 'available', 72);
INSERT INTO slots (id, cabinet_id, station_id, slot_no, status, power_bank_id) VALUES (178, 26, 17, 'B02', 'occupied', 105);
INSERT INTO power_banks (id, device_no, station_id, cabinet_id, slot_id, status, battery_level) VALUES (105, 'PB026B02', 17, 26, 178, 'available', 60);
INSERT INTO slots (id, cabinet_id, station_id, slot_no, status, power_bank_id) VALUES (179, 26, 17, 'C03', 'occupied', 106);
INSERT INTO power_banks (id, device_no, station_id, cabinet_id, slot_id, status, battery_level) VALUES (106, 'PB026C03', 17, 26, 179, 'available', 98);
INSERT INTO slots (id, cabinet_id, station_id, slot_no, status, power_bank_id) VALUES (180, 26, 17, 'D04', 'occupied', 107);
INSERT INTO power_banks (id, device_no, station_id, cabinet_id, slot_id, status, battery_level) VALUES (107, 'PB026D04', 17, 26, 180, 'available', 45);
INSERT INTO slots (id, cabinet_id, station_id, slot_no, status, power_bank_id) VALUES (181, 26, 17, 'E05', 'occupied', 108);
INSERT INTO power_banks (id, device_no, station_id, cabinet_id, slot_id, status, battery_level) VALUES (108, 'PB026E05', 17, 26, 181, 'available', 100);
INSERT INTO slots (id, cabinet_id, station_id, slot_no, status, power_bank_id) VALUES (182, 26, 17, 'F06', 'occupied', 109);
INSERT INTO power_banks (id, device_no, station_id, cabinet_id, slot_id, status, battery_level) VALUES (109, 'PB026F06', 17, 26, 182, 'available', 88);
INSERT INTO slots (id, cabinet_id, station_id, slot_no, status, power_bank_id) VALUES (183, 26, 17, 'G07', 'occupied', 110);
INSERT INTO power_banks (id, device_no, station_id, cabinet_id, slot_id, status, battery_level) VALUES (110, 'PB026G07', 17, 26, 183, 'available', 93);
INSERT INTO slots (id, cabinet_id, station_id, slot_no, status, power_bank_id) VALUES (184, 26, 17, 'H08', 'empty', 0);
INSERT INTO slots (id, cabinet_id, station_id, slot_no, status, power_bank_id) VALUES (185, 26, 17, 'I09', 'empty', 0);
INSERT INTO slots (id, cabinet_id, station_id, slot_no, status, power_bank_id) VALUES (186, 26, 17, 'J10', 'empty', 0);
INSERT INTO slots (id, cabinet_id, station_id, slot_no, status, power_bank_id) VALUES (187, 26, 17, 'K11', 'empty', 0);
INSERT INTO slots (id, cabinet_id, station_id, slot_no, status, power_bank_id) VALUES (188, 26, 17, 'L12', 'empty', 0);
INSERT INTO slots (id, cabinet_id, station_id, slot_no, status, power_bank_id) VALUES (189, 27, 17, 'A01', 'occupied', 111);
INSERT INTO power_banks (id, device_no, station_id, cabinet_id, slot_id, status, battery_level) VALUES (111, 'PB027A01', 17, 27, 189, 'available', 76);
INSERT INTO slots (id, cabinet_id, station_id, slot_no, status, power_bank_id) VALUES (190, 27, 17, 'B02', 'occupied', 112);
INSERT INTO power_banks (id, device_no, station_id, cabinet_id, slot_id, status, battery_level) VALUES (112, 'PB027B02', 17, 27, 190, 'available', 100);
INSERT INTO slots (id, cabinet_id, station_id, slot_no, status, power_bank_id) VALUES (191, 27, 17, 'C03', 'occupied', 113);
INSERT INTO power_banks (id, device_no, station_id, cabinet_id, slot_id, status, battery_level) VALUES (113, 'PB027C03', 17, 27, 191, 'available', 55);
INSERT INTO slots (id, cabinet_id, station_id, slot_no, status, power_bank_id) VALUES (192, 27, 17, 'D04', 'occupied', 114);
INSERT INTO power_banks (id, device_no, station_id, cabinet_id, slot_id, status, battery_level) VALUES (114, 'PB027D04', 17, 27, 192, 'available', 90);
INSERT INTO slots (id, cabinet_id, station_id, slot_no, status, power_bank_id) VALUES (193, 27, 17, 'E05', 'empty', 0);
INSERT INTO slots (id, cabinet_id, station_id, slot_no, status, power_bank_id) VALUES (194, 27, 17, 'F06', 'empty', 0);
INSERT INTO slots (id, cabinet_id, station_id, slot_no, status, power_bank_id) VALUES (195, 27, 17, 'G07', 'empty', 0);
INSERT INTO slots (id, cabinet_id, station_id, slot_no, status, power_bank_id) VALUES (196, 27, 17, 'H08', 'empty', 0);
INSERT INTO slots (id, cabinet_id, station_id, slot_no, status, power_bank_id) VALUES (197, 28, 18, 'A01', 'occupied', 115);
INSERT INTO power_banks (id, device_no, station_id, cabinet_id, slot_id, status, battery_level) VALUES (115, 'PB028A01', 18, 28, 197, 'available', 85);
INSERT INTO slots (id, cabinet_id, station_id, slot_no, status, power_bank_id) VALUES (198, 28, 18, 'B02', 'occupied', 116);
INSERT INTO power_banks (id, device_no, station_id, cabinet_id, slot_id, status, battery_level) VALUES (116, 'PB028B02', 18, 28, 198, 'available', 73);
INSERT INTO slots (id, cabinet_id, station_id, slot_no, status, power_bank_id) VALUES (199, 28, 18, 'C03', 'occupied', 117);
INSERT INTO power_banks (id, device_no, station_id, cabinet_id, slot_id, status, battery_level) VALUES (117, 'PB028C03', 18, 28, 199, 'available', 62);
INSERT INTO slots (id, cabinet_id, station_id, slot_no, status, power_bank_id) VALUES (200, 28, 18, 'D04', 'occupied', 118);
INSERT INTO power_banks (id, device_no, station_id, cabinet_id, slot_id, status, battery_level) VALUES (118, 'PB028D04', 18, 28, 200, 'available', 97);
INSERT INTO slots (id, cabinet_id, station_id, slot_no, status, power_bank_id) VALUES (201, 28, 18, 'E05', 'occupied', 119);
INSERT INTO power_banks (id, device_no, station_id, cabinet_id, slot_id, status, battery_level) VALUES (119, 'PB028E05', 18, 28, 201, 'available', 80);
INSERT INTO slots (id, cabinet_id, station_id, slot_no, status, power_bank_id) VALUES (202, 28, 18, 'F06', 'empty', 0);
INSERT INTO slots (id, cabinet_id, station_id, slot_no, status, power_bank_id) VALUES (203, 28, 18, 'G07', 'empty', 0);
INSERT INTO slots (id, cabinet_id, station_id, slot_no, status, power_bank_id) VALUES (204, 28, 18, 'H08', 'empty', 0);
INSERT INTO slots (id, cabinet_id, station_id, slot_no, status, power_bank_id) VALUES (205, 29, 19, 'A01', 'occupied', 120);
INSERT INTO power_banks (id, device_no, station_id, cabinet_id, slot_id, status, battery_level) VALUES (120, 'PB029A01', 19, 29, 205, 'available', 94);
INSERT INTO slots (id, cabinet_id, station_id, slot_no, status, power_bank_id) VALUES (206, 29, 19, 'B02', 'occupied', 121);
INSERT INTO power_banks (id, device_no, station_id, cabinet_id, slot_id, status, battery_level) VALUES (121, 'PB029B02', 19, 29, 206, 'available', 95);
INSERT INTO slots (id, cabinet_id, station_id, slot_no, status, power_bank_id) VALUES (207, 29, 19, 'C03', 'occupied', 122);
INSERT INTO power_banks (id, device_no, station_id, cabinet_id, slot_id, status, battery_level) VALUES (122, 'PB029C03', 19, 29, 207, 'available', 87);
INSERT INTO slots (id, cabinet_id, station_id, slot_no, status, power_bank_id) VALUES (208, 29, 19, 'D04', 'occupied', 123);
INSERT INTO power_banks (id, device_no, station_id, cabinet_id, slot_id, status, battery_level) VALUES (123, 'PB029D04', 19, 29, 208, 'available', 100);
INSERT INTO slots (id, cabinet_id, station_id, slot_no, status, power_bank_id) VALUES (209, 29, 19, 'E05', 'empty', 0);
INSERT INTO slots (id, cabinet_id, station_id, slot_no, status, power_bank_id) VALUES (210, 29, 19, 'F06', 'empty', 0);
INSERT INTO slots (id, cabinet_id, station_id, slot_no, status, power_bank_id) VALUES (211, 29, 19, 'G07', 'empty', 0);
INSERT INTO slots (id, cabinet_id, station_id, slot_no, status, power_bank_id) VALUES (212, 29, 19, 'H08', 'empty', 0);
INSERT INTO slots (id, cabinet_id, station_id, slot_no, status, power_bank_id) VALUES (213, 30, 20, 'A01', 'occupied', 124);
INSERT INTO power_banks (id, device_no, station_id, cabinet_id, slot_id, status, battery_level) VALUES (124, 'PB030A01', 20, 30, 213, 'available', 72);
INSERT INTO slots (id, cabinet_id, station_id, slot_no, status, power_bank_id) VALUES (214, 30, 20, 'B02', 'occupied', 125);
INSERT INTO power_banks (id, device_no, station_id, cabinet_id, slot_id, status, battery_level) VALUES (125, 'PB030B02', 20, 30, 214, 'available', 60);
INSERT INTO slots (id, cabinet_id, station_id, slot_no, status, power_bank_id) VALUES (215, 30, 20, 'C03', 'occupied', 126);
INSERT INTO power_banks (id, device_no, station_id, cabinet_id, slot_id, status, battery_level) VALUES (126, 'PB030C03', 20, 30, 215, 'available', 98);
INSERT INTO slots (id, cabinet_id, station_id, slot_no, status, power_bank_id) VALUES (216, 30, 20, 'D04', 'occupied', 127);
INSERT INTO power_banks (id, device_no, station_id, cabinet_id, slot_id, status, battery_level) VALUES (127, 'PB030D04', 20, 30, 216, 'available', 45);
INSERT INTO slots (id, cabinet_id, station_id, slot_no, status, power_bank_id) VALUES (217, 30, 20, 'E05', 'occupied', 128);
INSERT INTO power_banks (id, device_no, station_id, cabinet_id, slot_id, status, battery_level) VALUES (128, 'PB030E05', 20, 30, 217, 'available', 100);
INSERT INTO slots (id, cabinet_id, station_id, slot_no, status, power_bank_id) VALUES (218, 30, 20, 'F06', 'occupied', 129);
INSERT INTO power_banks (id, device_no, station_id, cabinet_id, slot_id, status, battery_level) VALUES (129, 'PB030F06', 20, 30, 218, 'available', 88);
INSERT INTO slots (id, cabinet_id, station_id, slot_no, status, power_bank_id) VALUES (219, 30, 20, 'G07', 'empty', 0);
INSERT INTO slots (id, cabinet_id, station_id, slot_no, status, power_bank_id) VALUES (220, 30, 20, 'H08', 'empty', 0);

